Title,Price,Date
BOSS Men's Plain Short Sleeve Crewneck T-Shirt,21.99,2024-01-26
BOSS Men's Plain Short Sleeve Crewneck T-Shirt,21.99,2024-01-26
BOSS Men's Plain Short Sleeve Crewneck T-Shirt,S$21.99,2024-01-26
BOSS Men's Plain Short Sleeve Crewneck T-Shirt,S$21.99,2024-01-26
BOSS Men's Plain Short Sleeve Crewneck T-Shirt,S$21.99,2024-01-26
BOSS Men's Plain Short Sleeve Crewneck T-Shirt,S$21.99,2024-01-26
BOSS Men's Plain Short Sleeve Crewneck T-Shirt,S$21.99,2024-01-26
BOSS Men's Plain Short Sleeve Crewneck T-Shirt,S$21.99,2024-01-26
BOSS Men's Plain Short Sleeve Crewneck T-Shirt,S$21.99,2024-01-26
BOSS Men's Plain Short Sleeve Crewneck T-Shirt,S$21.99,2024-01-26
BOSS Men's Plain Short Sleeve Crewneck T-Shirt,S$21.99,2024-01-26
BOSS Men's Plain Short Sleeve Crewneck T-Shirt,S$21.99,2024-01-26
BOSS Men's Plain Short Sleeve Crewneck T-Shirt,S$21.99,2024-01-26
BOSS Men's Plain Short Sleeve Crewneck T-Shirt,S$21.99,2024-01-26
BOSS Men's Plain Short Sleeve Crewneck T-Shirt,S$21.99,2024-01-26
BOSS Men's Plain Short Sleeve Crewneck T-Shirt,21.99,2024-01-26
BOSS Men's Plain Short Sleeve Crewneck T-Shirt,21.99,2024-01-26
BOSS Men's Plain Short Sleeve Crewneck T-Shirt,21.99,2024-01-26
BOSS Men's Plain Short Sleeve Crewneck T-Shirt,21.99,2024-01-26
BOSS Men's Plain Short Sleeve Crewneck T-Shirt,21.99,2024-01-26
BOSS Men's Plain Short Sleeve Crewneck T-Shirt,21.99,2024-01-26
BOSS Men's Plain Short Sleeve Crewneck T-Shirt,21.99,2024-01-26
BOSS Men's Plain Short Sleeve Crewneck T-Shirt,21.99,2024-01-26
BOSS Men's Plain Short Sleeve Crewneck T-Shirt,21.99,2024-01-26
BOSS Men's Plain Short Sleeve Crewneck T-Shirt,21.99,2024-01-26
BOSS Men's Plain Short Sleeve Crewneck T-Shirt,21.99,2024-01-26
BOSS Men's Plain Short Sleeve Crewneck T-Shirt,21.99,2024-01-26
BOSS Men's Plain Short Sleeve Crewneck T-Shirt,21.99,2024-01-26
BOSS Men's Plain Short Sleeve Crewneck T-Shirt,21.99,2024-01-26
BOSS Men's Plain Short Sleeve Crewneck T-Shirt,21.99,2024-01-26
BOSS Men's Plain Short Sleeve Crewneck T-Shirt,21.99,2024-01-26
BOSS Men's Plain Short Sleeve Crewneck T-Shirt,21.99,2024-01-26
BOSS Men's Plain Short Sleeve Crewneck T-Shirt,21.99,2024-01-26
BOSS Men's Plain Short Sleeve Crewneck T-Shirt,21.99,2024-01-26
BOSS Men's Plain Short Sleeve Crewneck T-Shirt,21.99,2024-01-26
BOSS Men's Plain Short Sleeve Crewneck T-Shirt,21.99,2024-01-26
BOSS Men's Plain Short Sleeve Crewneck T-Shirt,21.99,2024-01-26
BOSS Men's Plain Short Sleeve Crewneck T-Shirt,21.99,2024-01-26
BOSS Men's Plain Short Sleeve Crewneck T-Shirt,21.99,2024-01-26
BOSS Men's Plain Short Sleeve Crewneck T-Shirt,21.99,2024-01-26
BOSS Men's Plain Short Sleeve Crewneck T-Shirt,21.99,2024-01-26
BOSS Men's Plain Short Sleeve Crewneck T-Shirt,21.99,2024-01-26
BOSS Men's Plain Short Sleeve Crewneck T-Shirt,21.99,2024-01-26
BOSS Men's Plain Short Sleeve Crewneck T-Shirt,21.99,2024-01-26
BOSS Men's Plain Short Sleeve Crewneck T-Shirt,21.99,2024-01-26
